,賣場,品名,品牌,種類,價格,圖片,網址
0,家樂福,家樂福抽取式衛生紙-FSC-110PCx24包,家樂福,抽取,$269.00,https://online.carrefour.com.tw/dw/image/v2/BFHC_PRD/on/demandware.static/-/Sites-carrefour-tw-m-inner/default/dwdd74c1e9/images/large/0260014_-fsc-110x24.png?sw=300&bgcolor=FFFFFF,https://online.carrefour.com.tw/zh/%E5%AE%B6%E6%A8%82%E7%A6%8F/1220110500101.html
1,家樂福,唯潔雅抽取式衛生紙100PCx24,唯潔雅,抽取,$208.00,https://online.carrefour.com.tw/dw/image/v2/BFHC_PRD/on/demandware.static/-/Sites-carrefour-tw-m-inner/default/dwede0c52c/images/large/0275779.jpeg?sw=300&bgcolor=FFFFFF,https://online.carrefour.com.tw/zh/%E5%94%AF%E6%BD%94%E9%9B%85/1220107700124.html
2,家樂福,倍潔雅無漂白PEFC衛生紙-100PC,倍潔雅,,$142.00,https://online.carrefour.com.tw/dw/image/v2/BFHC_PRD/on/demandware.static/-/Sites-carrefour-tw-m-inner/default/dw8c24e787/images/large/0230125_efc.png?sw=300&bgcolor=FFFFFF,https://online.carrefour.com.tw/zh/%E5%80%8D%E6%BD%94%E9%9B%85/1220111000112.html
3,家樂福,五月花清膚柔潤抽取衛生紙-100PC,五月花,抽取,$867.00,https://online.carrefour.com.tw/dw/image/v2/BFHC_PRD/on/demandware.static/-/Sites-carrefour-tw-m-inner/default/dwc5d8e5e5/images/large/0239094.jpeg?sw=300&bgcolor=FFFFFF,https://online.carrefour.com.tw/zh/%E4%BA%94%E6%9C%88%E8%8A%B1/1220104900172.html
4,家樂福,五月花清膚柔潤抽取衛生紙-100PC,五月花,抽取,$289.00,https://online.carrefour.com.tw/dw/image/v2/BFHC_PRD/on/demandware.static/-/Sites-carrefour-tw-m-inner/default/dwcaa53813/images/large/0239093.jpeg?sw=300&bgcolor=FFFFFF,https://online.carrefour.com.tw/zh/%E4%BA%94%E6%9C%88%E8%8A%B1/1220104900124.html
5,家樂福,情人平版衛生紙-300PC,情人,平版,$99.00,https://online.carrefour.com.tw/dw/image/v2/BFHC_PRD/on/demandware.static/-/Sites-carrefour-tw-m-inner/default/dw41e5582c/images/large/0213879.jpeg?sw=300&bgcolor=FFFFFF,https://online.carrefour.com.tw/zh/%E6%83%85%E4%BA%BA/1220001700106.html
6,家樂福,【抽取】百吉抽取衛生紙,百吉,抽取,$169.00,https://online.carrefour.com.tw/dw/image/v2/BFHC_PRD/on/demandware.static/-/Sites-carrefour-tw-m-inner/default/dw028cbdce/images/large/0007270.jpeg?sw=300&bgcolor=FFFFFF,https://online.carrefour.com.tw/zh/%E7%99%BE%E5%90%89/1220101600112.html
7,家樂福,情人平版衛生紙-300PC,情人,平版,$594.00,https://online.carrefour.com.tw/dw/image/v2/BFHC_PRD/on/demandware.static/-/Sites-carrefour-tw-m-inner/default/dwf3e9fa05/images/large/0213880.jpeg?sw=300&bgcolor=FFFFFF,https://online.carrefour.com.tw/zh/%E6%83%85%E4%BA%BA/1220001700136.html
8,家樂福,百吉抽取衛生紙-130PC,百吉,抽取,"$1,014.00",https://online.carrefour.com.tw/dw/image/v2/BFHC_PRD/on/demandware.static/-/Sites-carrefour-tw-m-inner/default/dw268871fc/images/large/0060216.jpeg?sw=300&bgcolor=FFFFFF,https://online.carrefour.com.tw/zh/%E7%99%BE%E5%90%89/1220101600172.html
9,家樂福,【捲筒式】春風捲筒衛生紙-12 Roll捲,春風,捲筒,$792.00,https://online.carrefour.com.tw/dw/image/v2/BFHC_PRD/on/demandware.static/-/Sites-carrefour-tw-m-inner/default/dw06cb25f5/images/large/0118700.jpeg?sw=300&bgcolor=FFFFFF,https://online.carrefour.com.tw/zh/%E6%98%A5%E9%A2%A8/1220200500108.html
10,家樂福,舒潔濕式衛生紙-40PC,舒潔,濕式,$132.00,https://online.carrefour.com.tw/dw/image/v2/BFHC_PRD/on/demandware.static/-/Sites-carrefour-tw-m-inner/default/dwf7c75333/images/large/0113690.jpeg?sw=300&bgcolor=FFFFFF,https://online.carrefour.com.tw/zh/%E8%88%92%E6%BD%94/1220102200103.html
11,家樂福,舒潔濕式衛生紙-40PCx36,舒潔,濕式,"$1,510.00",https://online.carrefour.com.tw/dw/image/v2/BFHC_PRD/on/demandware.static/-/Sites-carrefour-tw-m-inner/default/dwe170a0f2/images/large/0113689.jpeg?sw=300&bgcolor=FFFFFF,https://online.carrefour.com.tw/zh/%E8%88%92%E6%BD%94/1220102200136.html
12,家樂福,春風捲筒衛生紙,春風,捲筒,$115.00,https://online.carrefour.com.tw/dw/image/v2/BFHC_PRD/on/demandware.static/-/Sites-carrefour-tw-m-inner/default/dwdc0f9d1b/images/large/0007294.jpeg?sw=300&bgcolor=FFFFFF,https://online.carrefour.com.tw/zh/%E6%98%A5%E9%A2%A8/1220200500101.html
13,家樂福,春風濕拭衛生紙40PCx3,春風,,$142.00,https://online.carrefour.com.tw/dw/image/v2/BFHC_PRD/on/demandware.static/-/Sites-carrefour-tw-m-inner/default/dw3d8a4590/images/large/0263872.jpeg?sw=300&bgcolor=FFFFFF,https://online.carrefour.com.tw/zh/%E6%98%A5%E9%A2%A8/1220189500101.html
14,家樂福,春風平版衛生紙-300PC,春風,平版,$114.00,https://online.carrefour.com.tw/dw/image/v2/BFHC_PRD/on/demandware.static/-/Sites-carrefour-tw-m-inner/default/dweb1a2c17/images/large/0099563.jpeg?sw=300&bgcolor=FFFFFF,https://online.carrefour.com.tw/zh/%E6%98%A5%E9%A2%A8/1220000800106.html
15,家樂福,雪柔抽取衛生紙-100PC,雪柔,抽取,$159.00,https://online.carrefour.com.tw/dw/image/v2/BFHC_PRD/on/demandware.static/-/Sites-carrefour-tw-m-inner/default/dw2f3a52c6/images/large/0095482.jpeg?sw=300&bgcolor=FFFFFF,https://online.carrefour.com.tw/zh/%E9%9B%AA%E6%9F%94/1220100300112.html
16,家樂福,【抽取】可麗舒抽取衛生紙,可麗舒,抽取,$714.00,https://online.carrefour.com.tw/dw/image/v2/BFHC_PRD/on/demandware.static/-/Sites-carrefour-tw-m-inner/default/dw42c03bf0/images/large/0060215.jpeg?sw=300&bgcolor=FFFFFF,https://online.carrefour.com.tw/zh/%E5%8F%AF%E9%BA%97%E8%88%92/1220100500172.html
17,家樂福,【抽取】可麗舒抽取衛生紙,可麗舒,抽取,$119.00,https://online.carrefour.com.tw/dw/image/v2/BFHC_PRD/on/demandware.static/-/Sites-carrefour-tw-m-inner/default/dw7f97fdf6/images/large/0016982.jpeg?sw=300&bgcolor=FFFFFF,https://online.carrefour.com.tw/zh/%E5%8F%AF%E9%BA%97%E8%88%92/1220100500112.html
18,家樂福,舒潔平版式衛生紙-300PC,舒潔,平版,$129.00,https://online.carrefour.com.tw/dw/image/v2/BFHC_PRD/on/demandware.static/-/Sites-carrefour-tw-m-inner/default/dwcb0d5325/images/large/0115599.jpeg?sw=300&bgcolor=FFFFFF,https://online.carrefour.com.tw/zh/%E8%88%92%E6%BD%94/1220000600106.html
19,家樂福,優活抽取式衛生紙 100抽,優活,抽取,$189.00,https://online.carrefour.com.tw/dw/image/v2/BFHC_PRD/on/demandware.static/-/Sites-carrefour-tw-m-inner/default/dw1661619a/images/large/0225484.jpeg?sw=300&bgcolor=FFFFFF,https://online.carrefour.com.tw/zh/%E5%84%AA%E6%B4%BB/1220110400124.html
20,家樂福,柔情抽取式衛生紙-100PC,柔情,抽取,$115.00,https://online.carrefour.com.tw/dw/image/v2/BFHC_PRD/on/demandware.static/-/Sites-carrefour-tw-m-inner/default/dwcfb0fdfb/images/large/0239237.jpeg?sw=300&bgcolor=FFFFFF,https://online.carrefour.com.tw/zh/%E6%9F%94%E6%83%85/1220104600112.html
21,家樂福,舒適抽取式衛生紙-110PC,舒適,抽取,$717.00,https://online.carrefour.com.tw/dw/image/v2/BFHC_PRD/on/demandware.static/-/Sites-carrefour-tw-m-inner/default/dw1e9006f9/images/large/0036814.jpeg?sw=300&bgcolor=FFFFFF,https://online.carrefour.com.tw/zh/%E8%88%92%E9%81%A9/1220100600172.html
22,家樂福,舒潔平版式衛生紙300PCx6包x8袋,舒潔,平版,$992.00,https://online.carrefour.com.tw/dw/image/v2/BFHC_PRD/on/demandware.static/-/Sites-carrefour-tw-m-inner/default/dw03dd75c2/images/large/0115600.jpeg?sw=300&bgcolor=FFFFFF,https://online.carrefour.com.tw/zh/%E8%88%92%E6%BD%94/1220000600148.html
23,家樂福,舒適抽取式衛生紙(110抽),舒適,抽取,$239.00,https://online.carrefour.com.tw/dw/image/v2/BFHC_PRD/on/demandware.static/-/Sites-carrefour-tw-m-inner/default/dw2bd116d7/images/large/0004085.jpeg?sw=300&bgcolor=FFFFFF,https://online.carrefour.com.tw/zh/%E8%88%92%E9%81%A9/1220100600124.html
24,家樂福,家樂福抽取式衛生紙-PEFC,家樂福,抽取,$59.00,https://online.carrefour.com.tw/dw/image/v2/BFHC_PRD/on/demandware.static/-/Sites-carrefour-tw-m-inner/default/dw6ba5faf6/images/large/0273201_-efc.png?sw=300&bgcolor=FFFFFF,https://online.carrefour.com.tw/zh/%E5%AE%B6%E6%A8%82%E7%A6%8F/1220112900101.html
25,家樂福,金舒適抽取式衛生紙,舒適,抽取,$179.00,https://online.carrefour.com.tw/dw/image/v2/BFHC_PRD/on/demandware.static/-/Sites-carrefour-tw-m-inner/default/dwa2f2359a/images/large/0210560.jpeg?sw=300&bgcolor=FFFFFF,https://online.carrefour.com.tw/zh/%E9%87%91%E8%88%92%E9%81%A9/1220109200120.html
26,家樂福,倍潔雅抽取式衛生紙100PCx24,倍潔雅,抽取,$199.00,https://online.carrefour.com.tw/dw/image/v2/BFHC_PRD/on/demandware.static/-/Sites-carrefour-tw-m-inner/default/dw83c18ff3/images/large/1220110300124-1.png?sw=300&bgcolor=FFFFFF,https://online.carrefour.com.tw/zh/%E5%80%8D%E6%BD%94%E9%9B%85/1220110300124.html
27,家樂福,春風濕拭衛生紙10PCx3包,春風,,$648.00,https://online.carrefour.com.tw/dw/image/v2/BFHC_PRD/on/demandware.static/-/Sites-carrefour-tw-m-inner/default/dw5243389b/images/large/0263864_10.jpeg?sw=300&bgcolor=FFFFFF,https://online.carrefour.com.tw/zh/%E6%98%A5%E9%A2%A8/1220189400112.html
28,家樂福,淨世代環保抽取衛生紙100PC,,抽取,$126.00,https://online.carrefour.com.tw/dw/image/v2/BFHC_PRD/on/demandware.static/-/Sites-carrefour-tw-m-inner/default/dwe9ef1b2c/images/large/0238398.jpeg?sw=300&bgcolor=FFFFFF,https://online.carrefour.com.tw/zh/%E6%B7%A8%E4%B8%96%E4%BB%A3/1220106100112.html
29,家樂福,淨世代環保抽取衛生紙100PC,,抽取,$756.00,https://online.carrefour.com.tw/dw/image/v2/BFHC_PRD/on/demandware.static/-/Sites-carrefour-tw-m-inner/default/dw3159c4fd/images/large/0238397.jpeg?sw=300&bgcolor=FFFFFF,https://online.carrefour.com.tw/zh/%E6%B7%A8%E4%B8%96%E4%BB%A3/1220106100172.html
30,家樂福,舒潔迪士尼抽取衛生紙100PC,舒潔,抽取,$168.00,https://online.carrefour.com.tw/dw/image/v2/BFHC_PRD/on/demandware.static/-/Sites-carrefour-tw-m-inner/default/dw0c058259/images/large/1220107900112.jpg?sw=300&bgcolor=FFFFFF,https://online.carrefour.com.tw/zh/%E8%88%92%E6%BD%94/1220107900112.html
31,家樂福,舒適三層抽取式衛生紙,舒適,抽取,$339.00,https://online.carrefour.com.tw/dw/image/v2/BFHC_PRD/on/demandware.static/-/Sites-carrefour-tw-m-inner/default/dw64646990/images/large/0202599.jpeg?sw=300&bgcolor=FFFFFF,https://online.carrefour.com.tw/zh/%E8%88%92%E9%81%A9/1220108700120.html
32,家樂福,春風Hello Kitty三層抽取式衛生紙90PCx20包x3袋,春風,抽取,"$1,062.00",https://online.carrefour.com.tw/dw/image/v2/BFHC_PRD/on/demandware.static/-/Sites-carrefour-tw-m-inner/default/dwa78a7d26/images/large/0259666_hello-kitty.jpeg?sw=300&bgcolor=FFFFFF,https://online.carrefour.com.tw/zh/%E6%98%A5%E9%A2%A8/1220103400160.html
33,家樂福,舒潔萬用輕巧包衛生紙,舒潔,,$198.00,https://online.carrefour.com.tw/dw/image/v2/BFHC_PRD/on/demandware.static/-/Sites-carrefour-tw-m-inner/default/dw4e467aab/images/large/0004113.jpeg?sw=300&bgcolor=FFFFFF,https://online.carrefour.com.tw/zh/%E8%88%92%E6%BD%94/1220103000120.html
34,家樂福,春風Hello Kitty三層抽取式衛生紙90PC,春風,抽取,$299.00,https://online.carrefour.com.tw/dw/image/v2/BFHC_PRD/on/demandware.static/-/Sites-carrefour-tw-m-inner/default/dwa81d7423/images/large/0259665_hello-kitty.jpeg?sw=300&bgcolor=FFFFFF,https://online.carrefour.com.tw/zh/%E6%98%A5%E9%A2%A8/1220103400120.html
35,家樂福,春風抽取式衛生紙優質經濟包-100PC,春風,抽取,$85.00,https://online.carrefour.com.tw/dw/image/v2/BFHC_PRD/on/demandware.static/-/Sites-carrefour-tw-m-inner/default/dwba11274c/images/large/0080629.jpeg?sw=300&bgcolor=FFFFFF,https://online.carrefour.com.tw/zh/%E6%98%A5%E9%A2%A8/1220105100110.html
36,家樂福,得意優質抽取式衛生紙100PCx24,得意,抽取,$216.00,https://online.carrefour.com.tw/dw/image/v2/BFHC_PRD/on/demandware.static/-/Sites-carrefour-tw-m-inner/default/dw63503b1d/images/large/1220103100124.jpg?sw=300&bgcolor=FFFFFF,https://online.carrefour.com.tw/zh/%E5%BE%97%E6%84%8F/1220103100124.html
37,家樂福,柔情抽取式衛生紙-100PC,柔情,抽取,$225.00,https://online.carrefour.com.tw/dw/image/v2/BFHC_PRD/on/demandware.static/-/Sites-carrefour-tw-m-inner/default/dw753623c7/images/large/0239577_24.jpeg?sw=300&bgcolor=FFFFFF,https://online.carrefour.com.tw/zh/%E6%9F%94%E6%83%85/1220104800124.html
38,家樂福,可麗舒除臭抽取衛生紙-100PC,可麗舒,抽取,$119.00,https://online.carrefour.com.tw/dw/image/v2/BFHC_PRD/on/demandware.static/-/Sites-carrefour-tw-m-inner/default/dwb44a45bf/images/large/0004119.jpeg?sw=300&bgcolor=FFFFFF,https://online.carrefour.com.tw/zh/%E5%8F%AF%E9%BA%97%E8%88%92/1220104200112.html
39,家樂福,可麗舒除臭抽取衛生紙-100PC,可麗舒,抽取,$672.00,https://online.carrefour.com.tw/dw/image/v2/BFHC_PRD/on/demandware.static/-/Sites-carrefour-tw-m-inner/default/dw6f3b60f4/images/large/0060217.jpeg?sw=300&bgcolor=FFFFFF,https://online.carrefour.com.tw/zh/%E5%8F%AF%E9%BA%97%E8%88%92/1220104200172.html
40,家樂福,蒲公英環保抽取衛生紙-100PC,蒲公英,抽取,$123.00,https://online.carrefour.com.tw/dw/image/v2/BFHC_PRD/on/demandware.static/-/Sites-carrefour-tw-m-inner/default/dw9ffb2df9/images/large/0187826.jpeg?sw=300&bgcolor=FFFFFF,https://online.carrefour.com.tw/zh/%E8%92%B2%E5%85%AC%E8%8B%B1/1220106500112.html
41,家樂福,蒲公英環保抽取衛生紙,蒲公英,抽取,$738.00,https://online.carrefour.com.tw/dw/image/v2/BFHC_PRD/on/demandware.static/-/Sites-carrefour-tw-m-inner/default/dw648a836c/images/large/0060220.jpeg?sw=300&bgcolor=FFFFFF,https://online.carrefour.com.tw/zh/%E8%92%B2%E5%85%AC%E8%8B%B1/1220106500172.html
42,家樂福,舒潔女性專用濕式衛生紙,舒潔,濕式,$98.00,https://online.carrefour.com.tw/dw/image/v2/BFHC_PRD/on/demandware.static/-/Sites-carrefour-tw-m-inner/default/dwb45a4f88/images/large/0178850.jpeg?sw=300&bgcolor=FFFFFF,https://online.carrefour.com.tw/zh/%E8%88%92%E6%BD%94/1220108600103.html
43,家樂福,家樂福濕式衛生紙外出包-20PC,家樂福,濕式,$75.00,https://online.carrefour.com.tw/dw/image/v2/BFHC_PRD/on/demandware.static/-/Sites-carrefour-tw-m-inner/default/dwbc997658/images/large/0229146.jpeg?sw=300&bgcolor=FFFFFF,https://online.carrefour.com.tw/zh/%E5%AE%B6%E6%A8%82%E7%A6%8F/1220111100103.html
44,家樂福,倍潔雅特級抽取式衛生紙-110抽,倍潔雅,抽取,$125.00,https://online.carrefour.com.tw/dw/image/v2/BFHC_PRD/on/demandware.static/-/Sites-carrefour-tw-m-inner/default/dw9339b35b/images/large/0271593.jpeg?sw=300&bgcolor=FFFFFF,https://online.carrefour.com.tw/zh/%E5%80%8D%E6%BD%94%E9%9B%85/1220110000112.html
45,家樂福,舒適抽取式衛生紙(輕巧包)120PCx20包,舒適,抽取,$205.00,https://online.carrefour.com.tw/dw/image/v2/BFHC_PRD/on/demandware.static/-/Sites-carrefour-tw-m-inner/default/dwe231cd7f/images/large/0236515.jpeg?sw=300&bgcolor=FFFFFF,https://online.carrefour.com.tw/zh/%E8%88%92%E9%81%A9/1220111300120.html
46,家樂福,五月花新纖柔抽取衛生紙,五月花,抽取,$139.00,https://online.carrefour.com.tw/dw/image/v2/BFHC_PRD/on/demandware.static/-/Sites-carrefour-tw-m-inner/default/dw2fa15214/images/large/1220113300112.jpg?sw=300&bgcolor=FFFFFF,https://online.carrefour.com.tw/zh/%E4%BA%94%E6%9C%88%E8%8A%B1/1220113300112.html
47,家樂福,春風抽取衛生紙-110PC,春風,抽取,$120.00,https://online.carrefour.com.tw/dw/image/v2/BFHC_PRD/on/demandware.static/-/Sites-carrefour-tw-m-inner/default/dwc753bc12/images/large/0218402.jpeg?sw=300&bgcolor=FFFFFF,https://online.carrefour.com.tw/zh/%E6%98%A5%E9%A2%A8/1220104300110.html
48,家樂福,春風抽取衛生紙-110PC,春風,抽取,$840.00,https://online.carrefour.com.tw/dw/image/v2/BFHC_PRD/on/demandware.static/-/Sites-carrefour-tw-m-inner/default/dw6da88611/images/large/0218403.jpeg?sw=300&bgcolor=FFFFFF,https://online.carrefour.com.tw/zh/%E6%98%A5%E9%A2%A8/1220104300170.html
49,家樂福,春風柔膚感抽取式衛生紙-110PC,春風,抽取,$298.00,https://online.carrefour.com.tw/dw/image/v2/BFHC_PRD/on/demandware.static/-/Sites-carrefour-tw-m-inner/default/dw98cf0f2e/images/large/0007291.jpeg?sw=300&bgcolor=FFFFFF,https://online.carrefour.com.tw/zh/%E6%98%A5%E9%A2%A8/1220106900124.html
50,家樂福,春風柔膚感抽取式衛生紙-110PC,春風,抽取,$894.00,https://online.carrefour.com.tw/dw/image/v2/BFHC_PRD/on/demandware.static/-/Sites-carrefour-tw-m-inner/default/dw2926f8b9/images/large/0060221.jpeg?sw=300&bgcolor=FFFFFF,https://online.carrefour.com.tw/zh/%E6%98%A5%E9%A2%A8/1220106900172.html
51,家樂福,家樂福抽取式衛生紙-FSC-110PCx24包,家樂福,抽取,$807.00,https://online.carrefour.com.tw/dw/image/v2/BFHC_PRD/on/demandware.static/-/Sites-carrefour-tw-m-inner/default/dwd61ab754/images/large/0234244_-fsc-110x24.jpeg?sw=300&bgcolor=FFFFFF,https://online.carrefour.com.tw/zh/%E5%AE%B6%E6%A8%82%E7%A6%8F/1220110500103.html
52,家樂福,倍潔雅柔軟舒適抽取衛生紙(150抽/包),舒適,抽取,$187.00,https://online.carrefour.com.tw/dw/image/v2/BFHC_PRD/on/demandware.static/-/Sites-carrefour-tw-m-inner/default/dw4af752b6/images/large/0216169.jpeg?sw=300&bgcolor=FFFFFF,https://online.carrefour.com.tw/zh/%E5%80%8D%E6%BD%94%E9%9B%85/1220109800114.html
53,家樂福,五月花三層捲筒衛生紙-6捲,五月花,捲筒,"$1,888.00",https://online.carrefour.com.tw/dw/image/v2/BFHC_PRD/on/demandware.static/-/Sites-carrefour-tw-m-inner/default/dwf92b4e93/images/large/0239100_-200.jpeg?sw=300&bgcolor=FFFFFF,https://online.carrefour.com.tw/zh/%E4%BA%94%E6%9C%88%E8%8A%B1/1220200600116.html
54,家樂福,家樂福抽取式花紋衛生紙(FSC)130PCx12,家樂福,抽取,$139.00,https://online.carrefour.com.tw/dw/image/v2/BFHC_PRD/on/demandware.static/-/Sites-carrefour-tw-m-inner/default/dw193436fd/images/large/0234239_-fsc130x12.jpeg?sw=300&bgcolor=FFFFFF,https://online.carrefour.com.tw/zh/%E5%AE%B6%E6%A8%82%E7%A6%8F/1220110800101.html
55,家樂福,家樂福抽取式花紋衛生紙(FSC)130PCx12包x6袋,家樂福,抽取,$834.00,https://online.carrefour.com.tw/dw/image/v2/BFHC_PRD/on/demandware.static/-/Sites-carrefour-tw-m-inner/default/dwaf87aea4/images/large/0234240_-fsc130x12.jpeg?sw=300&bgcolor=FFFFFF,https://online.carrefour.com.tw/zh/%E5%AE%B6%E6%A8%82%E7%A6%8F/1220110800106.html
56,家樂福,家樂福抽取式衛生紙-過年版100PCx24包x4袋,家樂福,抽取,$756.00,https://online.carrefour.com.tw/dw/image/v2/BFHC_PRD/on/demandware.static/-/Sites-carrefour-tw-m-inner/default/dw8debd281/images/large/1220111500101.png?sw=300&bgcolor=FFFFFF,https://online.carrefour.com.tw/zh/%E5%AE%B6%E6%A8%82%E7%A6%8F/1220111500104.html
57,家樂福,五月花三層捲筒衛生紙-6l捲,五月花,捲筒,$118.00,https://online.carrefour.com.tw/dw/image/v2/BFHC_PRD/on/demandware.static/-/Sites-carrefour-tw-m-inner/default/dw6fe026e5/images/large/0239099_-200.jpeg?sw=300&bgcolor=FFFFFF,https://online.carrefour.com.tw/zh/%E4%BA%94%E6%9C%88%E8%8A%B1/1220200600101.html
58,家樂福,唯潔雅潔淨柔感抽取式衛生紙-150PC,唯潔雅,抽取,$160.00,https://online.carrefour.com.tw/dw/image/v2/BFHC_PRD/on/demandware.static/-/Sites-carrefour-tw-m-inner/default/dw7ec9dddd/images/large/0224090.jpeg?sw=300&bgcolor=FFFFFF,https://online.carrefour.com.tw/zh/%E5%94%AF%E6%BD%94%E9%9B%85/1220110100112.html
59,家樂福,家樂福抽取式花紋衛生紙-FSC-110PCx6包,家樂福,抽取,$690.00,https://online.carrefour.com.tw/dw/image/v2/BFHC_PRD/on/demandware.static/-/Sites-carrefour-tw-m-inner/default/dw72594744/images/large/0234234_-fsc-110x6.jpeg?sw=300&bgcolor=FFFFFF,https://online.carrefour.com.tw/zh/%E5%AE%B6%E6%A8%82%E7%A6%8F/1220110700110.html
60,家樂福,春風柔韌感山茶花抽取衛生紙-110PC,春風,抽取,$161.00,https://online.carrefour.com.tw/dw/image/v2/BFHC_PRD/on/demandware.static/-/Sites-carrefour-tw-m-inner/default/dw0b726fc1/images/large/0174848.jpeg?sw=300&bgcolor=FFFFFF,https://online.carrefour.com.tw/zh/%E6%98%A5%E9%A2%A8/1220108300112.html
61,家樂福,家樂福超值捲筒式花紋衛生紙,家樂福,捲筒,$95.00,https://online.carrefour.com.tw/dw/image/v2/BFHC_PRD/on/demandware.static/-/Sites-carrefour-tw-m-inner/default/dwd9dc94a0/images/large/0207210.jpeg?sw=300&bgcolor=FFFFFF,https://online.carrefour.com.tw/zh/%E5%AE%B6%E6%A8%82%E7%A6%8F/1220200700101.html
62,家樂福,家樂福超值捲筒式花紋衛生紙,家樂福,捲筒,$760.00,https://online.carrefour.com.tw/dw/image/v2/BFHC_PRD/on/demandware.static/-/Sites-carrefour-tw-m-inner/default/dw0fa416a2/images/large/0207211.jpeg?sw=300&bgcolor=FFFFFF,https://online.carrefour.com.tw/zh/%E5%AE%B6%E6%A8%82%E7%A6%8F/1220200700108.html
63,家樂福,得意連續抽取衛生紙-大甲媽版,得意,抽取,$235.00,https://online.carrefour.com.tw/dw/image/v2/BFHC_PRD/on/demandware.static/-/Sites-carrefour-tw-m-inner/default/dwd944ece7/images/large/0199577_-.jpeg?sw=300&bgcolor=FFFFFF,https://online.carrefour.com.tw/zh/%E5%BE%97%E6%84%8F/1220107100124.html
64,家樂福,春風山茶花精華抽取式衛生紙-100PC,春風,抽取,$807.00,https://online.carrefour.com.tw/dw/image/v2/BFHC_PRD/on/demandware.static/-/Sites-carrefour-tw-m-inner/default/dwb7b72abf/images/large/0201609.jpeg?sw=300&bgcolor=FFFFFF,https://online.carrefour.com.tw/zh/%E6%98%A5%E9%A2%A8/1220102000172.html
65,家樂福,春風山茶花精華抽取式衛生紙-100PC,春風,抽取,$269.00,https://online.carrefour.com.tw/dw/image/v2/BFHC_PRD/on/demandware.static/-/Sites-carrefour-tw-m-inner/default/dw634f093d/images/large/0201610.jpeg?sw=300&bgcolor=FFFFFF,https://online.carrefour.com.tw/zh/%E6%98%A5%E9%A2%A8/1220102000124.html
66,家樂福,舒潔迪士尼抽取衛生紙超值包,舒潔,抽取,$299.00,https://online.carrefour.com.tw/dw/image/v2/BFHC_PRD/on/demandware.static/-/Sites-carrefour-tw-m-inner/default/dw73107a61/images/large/0185918.jpeg?sw=300&bgcolor=FFFFFF,https://online.carrefour.com.tw/zh/%E8%88%92%E6%BD%94/1220105900124.html
67,家樂福,得意連續抽取衛生紙-大甲媽版,得意,抽取,$705.00,https://online.carrefour.com.tw/dw/image/v2/BFHC_PRD/on/demandware.static/-/Sites-carrefour-tw-m-inner/default/dw0ac11034/images/large/0206155_-.jpeg?sw=300&bgcolor=FFFFFF,https://online.carrefour.com.tw/zh/%E5%BE%97%E6%84%8F/1220107100172.html
68,家樂福,家樂福超值平版式花紋衛生紙-300PC,家樂福,平版,$89.00,https://online.carrefour.com.tw/dw/image/v2/BFHC_PRD/on/demandware.static/-/Sites-carrefour-tw-m-inner/default/dw46b0fe06/images/large/0207262.jpeg?sw=300&bgcolor=FFFFFF,https://online.carrefour.com.tw/zh/%E5%AE%B6%E6%A8%82%E7%A6%8F/1220000100106.html
69,家樂福,家樂福超值平版式花紋衛生紙-300PC,家樂福,平版,$534.00,https://online.carrefour.com.tw/dw/image/v2/BFHC_PRD/on/demandware.static/-/Sites-carrefour-tw-m-inner/default/dwd5364b1d/images/large/0210461.jpeg?sw=300&bgcolor=FFFFFF,https://online.carrefour.com.tw/zh/%E5%AE%B6%E6%A8%82%E7%A6%8F/1220000100136.html
70,家樂福,【家樂福省更多】家樂福優質三層抽取式衛生紙 100抽x24包/袋,家樂福,抽取,$329.00,https://online.carrefour.com.tw/dw/image/v2/BFHC_PRD/on/demandware.static/-/Sites-carrefour-tw-m-inner/default/dw81b3ca2e/images/large/0180502.jpeg?sw=300&bgcolor=FFFFFF,https://online.carrefour.com.tw/zh/%E5%AE%B6%E6%A8%82%E7%A6%8F/1220108000101.html
71,家樂福,五月花蓬厚柔三層抽取衛生紙110PC,五月花,抽取,$439.00,https://online.carrefour.com.tw/dw/image/v2/BFHC_PRD/on/demandware.static/-/Sites-carrefour-tw-m-inner/default/dwca8f51b5/images/large/0238361.jpeg?sw=300&bgcolor=FFFFFF,https://online.carrefour.com.tw/zh/%E4%BA%94%E6%9C%88%E8%8A%B1/1220103700124.html
72,家樂福,舒潔 喀什米爾 4層抽取衛生紙乳木果精華-90PC(即日起-3/31 箱購活動請下6件只要1199元/不得併用折價券/折扣碼),舒潔,抽取,$310.00,https://online.carrefour.com.tw/dw/image/v2/BFHC_PRD/on/demandware.static/-/Sites-carrefour-tw-m-inner/default/dw237b265e/images/large/0257621_490.png?sw=300&bgcolor=FFFFFF,https://online.carrefour.com.tw/zh/%E8%88%92%E6%BD%94/1220112300110.html
73,家樂福,舒潔絲柔乳液抽取衛生紙超值包-100PCx30包,舒潔,抽取,$399.00,https://online.carrefour.com.tw/dw/image/v2/BFHC_PRD/on/demandware.static/-/Sites-carrefour-tw-m-inner/default/dw0c71184c/images/large/0178420.jpeg?sw=300&bgcolor=FFFFFF,https://online.carrefour.com.tw/zh/%E8%88%92%E6%BD%94/1220106800101.html
74,家樂福,舒潔兒童學習專用濕式衛生紙40抽,舒潔,濕式,$98.00,https://online.carrefour.com.tw/dw/image/v2/BFHC_PRD/on/demandware.static/-/Sites-carrefour-tw-m-inner/default/dw00f469dd/images/large/0241397_40.jpeg?sw=300&bgcolor=FFFFFF,https://online.carrefour.com.tw/zh/%E8%88%92%E6%BD%94/1220112200101.html
75,家樂福,舒潔特級膚觸抽取衛生紙 90抽6包,舒潔,抽取,$99.00,https://online.carrefour.com.tw/dw/image/v2/BFHC_PRD/on/demandware.static/-/Sites-carrefour-tw-m-inner/default/dwf44a4cc7/images/large/1220115100101.jpg?sw=300&bgcolor=FFFFFF,https://online.carrefour.com.tw/zh/%E8%88%92%E6%BD%94/1220115100101.html
76,家樂福,舒潔喀什米爾4層衛生紙86抽4包,舒潔,,$85.00,https://online.carrefour.com.tw/dw/image/v2/BFHC_PRD/on/demandware.static/-/Sites-carrefour-tw-m-inner/default/dw6150bf43/images/large/1220110200101.jpg?sw=300&bgcolor=FFFFFF,https://online.carrefour.com.tw/zh/%E8%88%92%E6%BD%94/1220110200101.html
77,家樂福,家樂福環保抽取式衛生紙-100PCX12,家樂福,抽取,$115.00,https://online.carrefour.com.tw/dw/image/v2/BFHC_PRD/on/demandware.static/-/Sites-carrefour-tw-m-inner/default/dw2202f6d8/images/large/0251888_-100x12.jpeg?sw=300&bgcolor=FFFFFF,https://online.carrefour.com.tw/zh/%E5%AE%B6%E6%A8%82%E7%A6%8F/1220112000101.html
78,家樂福,舒潔棉柔舒適捲筒衛生紙300PCx12,舒潔,捲筒,$239.00,https://online.carrefour.com.tw/dw/image/v2/BFHC_PRD/on/demandware.static/-/Sites-carrefour-tw-m-inner/default/dweef1c5b2/images/large/1220204900101.jpg?sw=300&bgcolor=FFFFFF,https://online.carrefour.com.tw/zh/%E8%88%92%E6%BD%94/1220204900101.html
79,家樂福,唯潔雅抽取式衛生紙(平安福)90PCx14,唯潔雅,抽取,$142.00,https://online.carrefour.com.tw/dw/image/v2/BFHC_PRD/on/demandware.static/-/Sites-carrefour-tw-m-inner/default/dwe5a84209/images/large/1220108800101.jpg?sw=300&bgcolor=FFFFFF,https://online.carrefour.com.tw/zh/%E5%94%AF%E6%BD%94%E9%9B%85/1220108800101.html
80,家樂福,五月花舒敏厚棒抽取式衛生紙86PC,五月花,抽取,$245.00,https://online.carrefour.com.tw/dw/image/v2/BFHC_PRD/on/demandware.static/-/Sites-carrefour-tw-m-inner/default/dwa1e94795/images/large/0275018_8610.jpeg?sw=300&bgcolor=FFFFFF,https://online.carrefour.com.tw/zh/%E4%BA%94%E6%9C%88%E8%8A%B1/1220103800110.html
81,家樂福,可麗舒豆卡聯名抽取衛生紙90抽6包(即日起-3/31 箱購活動請下12件只要779元/不得併用折價券/折扣碼),可麗舒,抽取,$69.00,https://online.carrefour.com.tw/dw/image/v2/BFHC_PRD/on/demandware.static/-/Sites-carrefour-tw-m-inner/default/dw1c39c09f/images/large/1220104500101.png?sw=300&bgcolor=FFFFFF,https://online.carrefour.com.tw/zh/%E5%8F%AF%E9%BA%97%E8%88%92/1220104500101.html
82,家樂福,五月花角落小夥伴衛生紙(FSC驗證)100PCx24,五月花,,$315.00,https://online.carrefour.com.tw/dw/image/v2/BFHC_PRD/on/demandware.static/-/Sites-carrefour-tw-m-inner/default/dw5a35357b/images/large/0275043_fsc100.jpeg?sw=300&bgcolor=FFFFFF,https://online.carrefour.com.tw/zh/%E4%BA%94%E6%9C%88%E8%8A%B1/1220114900124.html
83,家樂福,家樂福超值連續抽取式花紋衛生紙輕巧包120抽,家樂福,抽取,$168.00,https://online.carrefour.com.tw/dw/image/v2/BFHC_PRD/on/demandware.static/-/Sites-carrefour-tw-m-inner/default/dw8b2eed17/images/large/0203814.jpeg?sw=300&bgcolor=FFFFFF,https://online.carrefour.com.tw/zh/%E5%AE%B6%E6%A8%82%E7%A6%8F/1220102400120.html
84,家樂福,【汽車百貨】YAC飲料紙巾多用途垃圾桶,,紙巾,$399.00,https://online.carrefour.com.tw/dw/image/v2/BFHC_PRD/on/demandware.static/-/Sites-carrefour-tw-m-inner/default/dwf139c6a5/images/large/35542007001-1.jpg?sw=300&bgcolor=FFFFFF,https://online.carrefour.com.tw/zh/3554200700101.html
85,家樂福,五月花聰明萬用紙巾-120PC,五月花,紙巾,$88.00,https://online.carrefour.com.tw/dw/image/v2/BFHC_PRD/on/demandware.static/-/Sites-carrefour-tw-m-inner/default/dw850f3838/images/large/0238358.jpeg?sw=300&bgcolor=FFFFFF,https://online.carrefour.com.tw/zh/%E4%BA%94%E6%9C%88%E8%8A%B1/1220103500110.html
86,家樂福,五月花聰明萬用紙巾-120PC,五月花,紙巾,$474.00,https://online.carrefour.com.tw/dw/image/v2/BFHC_PRD/on/demandware.static/-/Sites-carrefour-tw-m-inner/default/dwa50c0bd3/images/large/0238359.jpeg?sw=300&bgcolor=FFFFFF,https://online.carrefour.com.tw/zh/%E4%BA%94%E6%9C%88%E8%8A%B1/1220103500160.html
87,家樂福,家樂福超值單抽式柔紙巾,家樂福,紙巾,$99.00,https://online.carrefour.com.tw/dw/image/v2/BFHC_PRD/on/demandware.static/-/Sites-carrefour-tw-m-inner/default/dw39342d0a/images/large/0181871.jpeg?sw=300&bgcolor=FFFFFF,https://online.carrefour.com.tw/zh/%E5%AE%B6%E6%A8%82%E7%A6%8F/1220189600110.html
88,家樂福,家樂福超值單抽式柔紙巾,家樂福,紙巾,$594.00,https://online.carrefour.com.tw/dw/image/v2/BFHC_PRD/on/demandware.static/-/Sites-carrefour-tw-m-inner/default/dw70267447/images/large/0090888.jpeg?sw=300&bgcolor=FFFFFF,https://online.carrefour.com.tw/zh/%E5%AE%B6%E6%A8%82%E7%A6%8F/1220189600160.html
89,家樂福,春風抽取式廚房紙巾120PCx3包x8袋,春風,抽取,$632.00,https://online.carrefour.com.tw/dw/image/v2/BFHC_PRD/on/demandware.static/-/Sites-carrefour-tw-m-inner/default/dw0a08a374/images/large/1222100900101.jpg?sw=300&bgcolor=FFFFFF,https://online.carrefour.com.tw/zh/%E6%98%A5%E9%A2%A8/1222100900108.html
90,家樂福,倍潔雅好韌真3層抽取式PEFC,倍潔雅,抽取,$259.00,https://online.carrefour.com.tw/dw/image/v2/BFHC_PRD/on/demandware.static/-/Sites-carrefour-tw-m-inner/default/dwb49ea2a5/images/large/1220102800101.jpg?sw=300&bgcolor=FFFFFF,https://online.carrefour.com.tw/zh/%E5%80%8D%E6%BD%94%E9%9B%85/1220102800101.html
91,家樂福,倍潔雅好韌真Plus3層抽取茶樹精油抑菌,倍潔雅,抽取,$249.00,https://online.carrefour.com.tw/dw/image/v2/BFHC_PRD/on/demandware.static/-/Sites-carrefour-tw-m-inner/default/dw85894c16/images/large/1220105400101.jpg?sw=300&bgcolor=FFFFFF,https://online.carrefour.com.tw/zh/%E5%80%8D%E6%BD%94%E9%9B%85/1220105400101.html
92,家樂福,得意廚房紙巾-70PCx6捲x8包,得意,紙巾,$632.00,https://online.carrefour.com.tw/dw/image/v2/BFHC_PRD/on/demandware.static/-/Sites-carrefour-tw-m-inner/default/dwf3cb91cb/images/large/0195425.jpeg?sw=300&bgcolor=FFFFFF,https://online.carrefour.com.tw/zh/%E5%BE%97%E6%84%8F/1222001500108.html
93,家樂福,春風平版衛生紙-300PC張,春風,平版,$684.00,https://online.carrefour.com.tw/dw/image/v2/BFHC_PRD/on/demandware.static/-/Sites-carrefour-tw-m-inner/default/dwa9bb8afd/images/large/0099562.jpeg?sw=300&bgcolor=FFFFFF,https://online.carrefour.com.tw/zh/%E6%98%A5%E9%A2%A8/1220000800136.html
94,家樂福,春風濕拭衛生紙40PCx3包,春風,,"$1,704.00",https://online.carrefour.com.tw/dw/image/v2/BFHC_PRD/on/demandware.static/-/Sites-carrefour-tw-m-inner/default/dw487743d5/images/large/0263874.jpeg?sw=300&bgcolor=FFFFFF,https://online.carrefour.com.tw/zh/%E6%98%A5%E9%A2%A8/1220189500112.html
95,家樂福,簡約木蓋衛生紙盒,,,$189.00,https://online.carrefour.com.tw/dw/image/v2/BFHC_PRD/on/demandware.static/-/Sites-carrefour-tw-m-inner/default/dw3d57bf92/images/large/31704048001001-1.jpg?sw=300&bgcolor=FFFFFF,https://online.carrefour.com.tw/zh/%E7%94%9F%E6%B4%BB%E5%A4%A7%E5%B8%AB/3170404800101.html
96,家樂福,簡約木蓋衛生紙盒,,,$189.00,https://online.carrefour.com.tw/dw/image/v2/BFHC_PRD/on/demandware.static/-/Sites-carrefour-tw-m-inner/default/dwa72372ee/images/large/31704048003001-1.jpg?sw=300&bgcolor=FFFFFF,https://online.carrefour.com.tw/zh/%E7%94%9F%E6%B4%BB%E5%A4%A7%E5%B8%AB/3170404800301.html
97,家樂福,浴室水晶抽取衛生紙盒,,抽取,$249.00,https://online.carrefour.com.tw/dw/image/v2/BFHC_PRD/on/demandware.static/-/Sites-carrefour-tw-m-inner/default/dwdacb79a0/images/large/0209722.jpeg?sw=300&bgcolor=FFFFFF,https://online.carrefour.com.tw/zh/3170403300101.html
98,家樂福,家樂福濕式衛生紙,家樂福,濕式,$119.00,https://online.carrefour.com.tw/dw/image/v2/BFHC_PRD/on/demandware.static/-/Sites-carrefour-tw-m-inner/default/dw31d7a505/images/large/0232145.jpeg?sw=300&bgcolor=FFFFFF,https://online.carrefour.com.tw/zh/%E5%AE%B6%E6%A8%82%E7%A6%8F/1220111200103.html
99,家樂福,舒潔濕式衛生紙外出包,舒潔,濕式,$98.00,https://online.carrefour.com.tw/dw/image/v2/BFHC_PRD/on/demandware.static/-/Sites-carrefour-tw-m-inner/default/dwb9c20db4/images/large/0041367.jpeg?sw=300&bgcolor=FFFFFF,https://online.carrefour.com.tw/zh/%E8%88%92%E6%BD%94/1220105300101.html
100,家樂福,舒潔女性專用濕式衛生紙40PC,舒潔,濕式,$129.00,https://online.carrefour.com.tw/dw/image/v2/BFHC_PRD/on/demandware.static/-/Sites-carrefour-tw-m-inner/default/dw40692b2d/images/large/0265768.jpeg?sw=300&bgcolor=FFFFFF,https://online.carrefour.com.tw/zh/%E8%88%92%E6%BD%94/1220189700102.html
101,家樂福,工業風貨櫃造型衛生紙盒,,,$189.00,https://online.carrefour.com.tw/dw/image/v2/BFHC_PRD/on/demandware.static/-/Sites-carrefour-tw-m-inner/default/dw82b29aee/images/large/0255554.jpeg?sw=300&bgcolor=FFFFFF,https://online.carrefour.com.tw/zh/%E7%94%9F%E6%B4%BB%E5%A4%A7%E5%B8%AB/3170404200201.html
102,家樂福,工業風貨櫃造型衛生紙盒,,,$189.00,https://online.carrefour.com.tw/dw/image/v2/BFHC_PRD/on/demandware.static/-/Sites-carrefour-tw-m-inner/default/dw51eb2102/images/large/0255553.jpeg?sw=300&bgcolor=FFFFFF,https://online.carrefour.com.tw/zh/%E7%94%9F%E6%B4%BB%E5%A4%A7%E5%B8%AB/3170404200301.html
103,家樂福,工業風貨櫃造型衛生紙盒,,,$189.00,https://online.carrefour.com.tw/dw/image/v2/BFHC_PRD/on/demandware.static/-/Sites-carrefour-tw-m-inner/default/dw715a5a36/images/large/0255552.jpeg?sw=300&bgcolor=FFFFFF,https://online.carrefour.com.tw/zh/%E7%94%9F%E6%B4%BB%E5%A4%A7%E5%B8%AB/3170404200101.html
104,家樂福,家而適捲筒衛生紙放置架,,捲筒,$199.00,https://online.carrefour.com.tw/dw/image/v2/BFHC_PRD/on/demandware.static/-/Sites-carrefour-tw-m-inner/default/dwb3e49737/images/large/0205802.jpeg?sw=300&bgcolor=FFFFFF,https://online.carrefour.com.tw/zh/%E5%AE%B6%E8%80%8C%E9%81%A9/3170401200101.html
105,家樂福,家而適抽取衛生紙放置架,,抽取,$459.00,https://online.carrefour.com.tw/dw/image/v2/BFHC_PRD/on/demandware.static/-/Sites-carrefour-tw-m-inner/default/dw0545791b/images/large/0205799.jpeg?sw=300&bgcolor=FFFFFF,https://online.carrefour.com.tw/zh/%E5%AE%B6%E8%80%8C%E9%81%A9/3170400400101.html
106,家樂福,3M無痕防水抽取式衛生紙架,,抽取,$459.00,https://online.carrefour.com.tw/dw/image/v2/BFHC_PRD/on/demandware.static/-/Sites-carrefour-tw-m-inner/default/dw4c104a68/images/large/0233473_3m.jpeg?sw=300&bgcolor=FFFFFF,https://online.carrefour.com.tw/zh/3m/3170404000101.html
107,家樂福,舒潔濕式衛生紙贈品超值組40PCx7,舒潔,濕式,$359.00,https://online.carrefour.com.tw/dw/image/v2/BFHC_PRD/on/demandware.static/-/Sites-carrefour-tw-m-inner/default/dw202c074c/images/large/0274399.jpeg?sw=300&bgcolor=FFFFFF,https://online.carrefour.com.tw/zh/%E8%88%92%E6%BD%94/1220113000101.html
108,家樂福,【DIY】隨意貼無痕壁掛衛生紙架,,,$120.00,https://online.carrefour.com.tw/dw/image/v2/BFHC_PRD/on/demandware.static/-/Sites-carrefour-tw-m-inner/default/dw877792db/images/large/0128540_sa02.jpeg?sw=300&bgcolor=FFFFFF,https://online.carrefour.com.tw/zh/3176000100101.html
109,家樂福,家而適多功能抽取式衛生紙架,,抽取,$479.00,https://online.carrefour.com.tw/dw/image/v2/BFHC_PRD/on/demandware.static/-/Sites-carrefour-tw-m-inner/default/dwc7b625cf/images/large/0205861.jpeg?sw=300&bgcolor=FFFFFF,https://online.carrefour.com.tw/zh/%E5%AE%B6%E8%80%8C%E9%81%A9/3170403400101.html
110,家樂福,春風柔韌感山茶花抽取衛生紙,春風,抽取,$966.00,https://online.carrefour.com.tw/dw/image/v2/BFHC_PRD/on/demandware.static/-/Sites-carrefour-tw-m-inner/default/dwfe2f39a6/images/large/0204606.jpeg?sw=300&bgcolor=FFFFFF,https://online.carrefour.com.tw/zh/%E6%98%A5%E9%A2%A8/1220108300172.html
111,家樂福,春風柔韌感抽取衛生紙110PCx12x6袋,春風,抽取,$858.00,https://online.carrefour.com.tw/dw/image/v2/BFHC_PRD/on/demandware.static/-/Sites-carrefour-tw-m-inner/default/dw8e257ef5/images/large/0245769.jpeg?sw=300&bgcolor=FFFFFF,https://online.carrefour.com.tw/zh/%E6%98%A5%E9%A2%A8/1220102500172.html
112,家樂福,春風柔韌感抽取衛生紙110PCx12,春風,抽取,$143.00,https://online.carrefour.com.tw/dw/image/v2/BFHC_PRD/on/demandware.static/-/Sites-carrefour-tw-m-inner/default/dw4fb71b72/images/large/0245767.jpeg?sw=300&bgcolor=FFFFFF,https://online.carrefour.com.tw/zh/%E6%98%A5%E9%A2%A8/1220102500112.html
113,家樂福,3M無痕防水收納配件組-雙鉤背板,,,$119.00,https://online.carrefour.com.tw/dw/image/v2/BFHC_PRD/on/demandware.static/-/Sites-carrefour-tw-m-inner/default/dw9a89661a/images/large/0112751_3m-.jpeg?sw=300&bgcolor=FFFFFF,https://online.carrefour.com.tw/zh/3m/3170793600101.html
114,家樂福,【汽車百貨】YARK車用椅背收納袋,,,$399.00,https://online.carrefour.com.tw/dw/image/v2/BFHC_PRD/on/demandware.static/-/Sites-carrefour-tw-m-inner/default/dwc0468959/images/large/0248534_yark.png?sw=300&bgcolor=FFFFFF,https://online.carrefour.com.tw/zh/%E4%BA%9E%E5%85%8B/3553100900101.html
115,家樂福,【汽車百貨】車用錢包收納袋,,,$218.00,https://online.carrefour.com.tw/dw/image/v2/BFHC_PRD/on/demandware.static/-/Sites-carrefour-tw-m-inner/default/dw428c4bc0/images/large/0254643.jpeg?sw=300&bgcolor=FFFFFF,https://online.carrefour.com.tw/zh/%E4%BA%9E%E5%85%8B/3554301600101.html
116,家樂福,威猛先生可沖式清新潔廁刷補充包,,,$99.00,https://online.carrefour.com.tw/dw/image/v2/BFHC_PRD/on/demandware.static/-/Sites-carrefour-tw-m-inner/default/dw90220db5/images/large/0273676.jpeg?sw=300&bgcolor=FFFFFF,https://online.carrefour.com.tw/zh/%E5%A8%81%E7%8C%9B%E5%85%88%E7%94%9F/3176292000101.html
117,家樂福,威猛先生可沖式清新潔廁刷,,,$99.00,https://online.carrefour.com.tw/dw/image/v2/BFHC_PRD/on/demandware.static/-/Sites-carrefour-tw-m-inner/default/dw29fc6aa4/images/large/0273675.jpeg?sw=300&bgcolor=FFFFFF,https://online.carrefour.com.tw/zh/%E5%A8%81%E7%8C%9B%E5%85%88%E7%94%9F/3176291900101.html
118,家樂福,【汽車百貨】YARK車內多功能收納袋,,,$499.00,https://online.carrefour.com.tw/dw/image/v2/BFHC_PRD/on/demandware.static/-/Sites-carrefour-tw-m-inner/default/dwc5ce11bb/images/large/35543029001-1.jpg?sw=300&bgcolor=FFFFFF,https://online.carrefour.com.tw/zh/%E4%BA%9E%E5%85%8B/3554302900101.html
119,家樂福,倍潔雅抽取衛生紙,倍潔雅,抽取,$78.00,https://online.carrefour.com.tw/dw/image/v2/BFHC_PRD/on/demandware.static/-/Sites-carrefour-tw-m-inner/default/dw1b14911a/images/large/0172807.jpeg?sw=300&bgcolor=FFFFFF,https://online.carrefour.com.tw/zh/%E5%80%8D%E6%BD%94%E9%9B%85/1220104100106.html
120,家樂福,倍潔雅抽取衛生紙,倍潔雅,抽取,$936.00,https://online.carrefour.com.tw/dw/image/v2/BFHC_PRD/on/demandware.static/-/Sites-carrefour-tw-m-inner/default/dw595ade71/images/large/0217334.jpeg?sw=300&bgcolor=FFFFFF,https://online.carrefour.com.tw/zh/%E5%80%8D%E6%BD%94%E9%9B%85/1220104100172.html
121,家樂福,百吉牌平版衛生紙-300PC,百吉,平版,$558.00,https://online.carrefour.com.tw/dw/image/v2/BFHC_PRD/on/demandware.static/-/Sites-carrefour-tw-m-inner/default/dw86dae75c/images/large/0096160.jpeg?sw=300&bgcolor=FFFFFF,https://online.carrefour.com.tw/zh/%E7%99%BE%E5%90%89/1220000300136.html
122,家樂福,百吉牌平版衛生紙-300PC,百吉,平版,$93.00,https://online.carrefour.com.tw/dw/image/v2/BFHC_PRD/on/demandware.static/-/Sites-carrefour-tw-m-inner/default/dw44c7e28b/images/large/0007262.jpeg?sw=300&bgcolor=FFFFFF,https://online.carrefour.com.tw/zh/%E7%99%BE%E5%90%89/1220000300106.html
123,家樂福,唯潔雅輕巧萬用抽取式衛生紙120PC,唯潔雅,抽取,$225.00,https://online.carrefour.com.tw/dw/image/v2/BFHC_PRD/on/demandware.static/-/Sites-carrefour-tw-m-inner/default/dw66263392/images/large/0266532.jpeg?sw=300&bgcolor=FFFFFF,https://online.carrefour.com.tw/zh/%E5%94%AF%E6%BD%94%E9%9B%85/1220106700130.html
124,家樂福,"可麗舒抽取衛生紙100PCx24包x3袋(限量加量包裝數量有限出完為止,請以實際到貨包裝為主)",可麗舒,抽取,$717.00,https://online.carrefour.com.tw/dw/image/v2/BFHC_PRD/on/demandware.static/-/Sites-carrefour-tw-m-inner/default/dwefbd5b49/images/large/15020619348883.jpg?sw=300&bgcolor=FFFFFF,https://online.carrefour.com.tw/zh/%E5%8F%AF%E9%BA%97%E8%88%92/1220189800172.html
125,家樂福,"可麗舒抽取衛生紙100PCx24(限量加量包裝數量有限出完為止,請以實際到貨包裝為主)",可麗舒,抽取,$245.00,https://online.carrefour.com.tw/dw/image/v2/BFHC_PRD/on/demandware.static/-/Sites-carrefour-tw-m-inner/default/dwefbd5b49/images/large/15020619348883.jpg?sw=300&bgcolor=FFFFFF,https://online.carrefour.com.tw/zh/%E5%8F%AF%E9%BA%97%E8%88%92/1220189800124.html
126,家樂福,家樂福環保捲筒衛生紙,家樂福,捲筒,$270.00,https://online.carrefour.com.tw/dw/image/v2/BFHC_PRD/on/demandware.static/-/Sites-carrefour-tw-m-inner/default/dw2a1cd208/images/large/0253540.jpeg?sw=300&bgcolor=FFFFFF,https://online.carrefour.com.tw/zh/%E5%AE%B6%E6%A8%82%E7%A6%8F/1220203900106.html
127,家樂福,家樂福環保捲筒衛生紙,家樂福,捲筒,$45.00,https://online.carrefour.com.tw/dw/image/v2/BFHC_PRD/on/demandware.static/-/Sites-carrefour-tw-m-inner/default/dwd1931e30/images/large/0253541.jpeg?sw=300&bgcolor=FFFFFF,https://online.carrefour.com.tw/zh/%E5%AE%B6%E6%A8%82%E7%A6%8F/1220203900101.html
128,家樂福,春風小超人袖珍包衛生紙,春風,,$75.00,https://online.carrefour.com.tw/dw/image/v2/BFHC_PRD/on/demandware.static/-/Sites-carrefour-tw-m-inner/default/dw5ed07868/images/large/0188639.jpeg?sw=300&bgcolor=FFFFFF,https://online.carrefour.com.tw/zh/%E6%98%A5%E9%A2%A8/1221101900101.html
129,家樂福,家樂福捲筒式花紋衛生紙-12捲,家樂福,捲筒,$880.00,https://online.carrefour.com.tw/dw/image/v2/BFHC_PRD/on/demandware.static/-/Sites-carrefour-tw-m-inner/default/dw67db56bc/images/large/0255932.jpeg?sw=300&bgcolor=FFFFFF,https://online.carrefour.com.tw/zh/%E5%AE%B6%E6%A8%82%E7%A6%8F/1220200900108.html
130,家樂福,家樂福捲筒式花紋衛生紙-12捲,家樂福,捲筒,$110.00,https://online.carrefour.com.tw/dw/image/v2/BFHC_PRD/on/demandware.static/-/Sites-carrefour-tw-m-inner/default/dwb0f13267/images/large/0255930.jpeg?sw=300&bgcolor=FFFFFF,https://online.carrefour.com.tw/zh/%E5%AE%B6%E6%A8%82%E7%A6%8F/1220200900101.html
131,家樂福,家樂福大捲筒縐紋衛生紙,家樂福,捲筒,$179.00,https://online.carrefour.com.tw/dw/image/v2/BFHC_PRD/on/demandware.static/-/Sites-carrefour-tw-m-inner/default/dwff3cc761/images/large/0198991.jpeg?sw=300&bgcolor=FFFFFF,https://online.carrefour.com.tw/zh/%E5%AE%B6%E6%A8%82%E7%A6%8F/1220200800101.html
132,家樂福,可麗舒櫻花柔選抽取衛生紙,可麗舒,抽取,$393.00,https://online.carrefour.com.tw/dw/image/v2/BFHC_PRD/on/demandware.static/-/Sites-carrefour-tw-m-inner/default/dw58bdb93a/images/large/0205924.jpeg?sw=300&bgcolor=FFFFFF,https://online.carrefour.com.tw/zh/%E5%8F%AF%E9%BA%97%E8%88%92/1220109600120.html
133,家樂福,家樂福三層抽取式衛生紙-PEFC-100PCx6,家樂福,抽取,$69.00,https://online.carrefour.com.tw/dw/image/v2/BFHC_PRD/on/demandware.static/-/Sites-carrefour-tw-m-inner/default/dwea042aac/images/large/0266513_-efc.png?sw=300&bgcolor=FFFFFF,https://online.carrefour.com.tw/zh/%E5%AE%B6%E6%A8%82%E7%A6%8F/1220112800101.html
134,家樂福,舒潔金盞花抽取衛生紙90抽,舒潔,抽取,$135.00,https://online.carrefour.com.tw/dw/image/v2/BFHC_PRD/on/demandware.static/-/Sites-carrefour-tw-m-inner/default/dw9a12696f/images/large/1220114800108_.jpg?sw=300&bgcolor=FFFFFF,https://online.carrefour.com.tw/zh/%E8%88%92%E6%BD%94/1220114800108.html
135,家樂福,得意連續抽取式花紋衛生紙-100PC,得意,抽取,$235.00,https://online.carrefour.com.tw/dw/image/v2/BFHC_PRD/on/demandware.static/-/Sites-carrefour-tw-m-inner/default/dwc96f19b8/images/large/0201599.jpeg?sw=300&bgcolor=FFFFFF,https://online.carrefour.com.tw/zh/%E5%BE%97%E6%84%8F/1220100100124.html
136,家樂福,得意連續抽取式花紋衛生紙-100PC,得意,抽取,$705.00,https://online.carrefour.com.tw/dw/image/v2/BFHC_PRD/on/demandware.static/-/Sites-carrefour-tw-m-inner/default/dw34b82c3d/images/large/0201600.jpeg?sw=300&bgcolor=FFFFFF,https://online.carrefour.com.tw/zh/%E5%BE%97%E6%84%8F/1220100100172.html
137,家樂福,舒潔三層竹萃抽取衛生紙90抽,舒潔,抽取,$159.00,https://online.carrefour.com.tw/dw/image/v2/BFHC_PRD/on/demandware.static/-/Sites-carrefour-tw-m-inner/default/dwd365f1e7/images/large/1220113400106_.jpg?sw=300&bgcolor=FFFFFF,https://online.carrefour.com.tw/zh/%E8%88%92%E6%BD%94/1220113400106.html
138,家樂福,舒潔歡樂炫彩抽取衛生紙-120PC,舒潔,抽取,$179.00,https://online.carrefour.com.tw/dw/image/v2/BFHC_PRD/on/demandware.static/-/Sites-carrefour-tw-m-inner/default/dw53a114d7/images/large/0255559_120.png?sw=300&bgcolor=FFFFFF,https://online.carrefour.com.tw/zh/%E8%88%92%E6%BD%94/1220112400110.html
139,家樂福,舒潔三層竹炭萃取抽取衛生紙-94PC,舒潔,抽取,$365.00,https://online.carrefour.com.tw/dw/image/v2/BFHC_PRD/on/demandware.static/-/Sites-carrefour-tw-m-inner/default/dwad02f1ff/images/large/0231398.jpeg?sw=300&bgcolor=FFFFFF,https://online.carrefour.com.tw/zh/%E8%88%92%E6%BD%94/1220109700120.html
140,家樂福,春風黃阿瑪卡通版抽取式衛生紙-100PC,春風,抽取,$248.00,https://online.carrefour.com.tw/dw/image/v2/BFHC_PRD/on/demandware.static/-/Sites-carrefour-tw-m-inner/default/dwa36de501/images/large/0247844.jpeg?sw=300&bgcolor=FFFFFF,https://online.carrefour.com.tw/zh/%E6%98%A5%E9%A2%A8/1220100800120.html
141,家樂福,舒潔羽絨經濟抽取衛生紙(100抽x12包),舒潔,抽取,$278.00,https://online.carrefour.com.tw/dw/image/v2/BFHC_PRD/on/demandware.static/-/Sites-carrefour-tw-m-inner/default/dw6563074f/images/large/1220115500101.jpg?sw=300&bgcolor=FFFFFF,https://online.carrefour.com.tw/zh/%E8%88%92%E6%BD%94/1220115500101.html
142,家樂福,五月花舒敏厚棒抽取式衛生紙86抽4包,五月花,抽取,$84.00,https://online.carrefour.com.tw/dw/image/v2/BFHC_PRD/on/demandware.static/-/Sites-carrefour-tw-m-inner/default/dw76d38473/images/large/1220115300101.jpg?sw=300&bgcolor=FFFFFF,https://online.carrefour.com.tw/zh/%E4%BA%94%E6%9C%88%E8%8A%B1/1220115300101.html
143,家樂福,春風Sillace頂級絲柔乳霜果仁油抽取衛生紙-110抽,春風,抽取,$199.00,https://online.carrefour.com.tw/dw/image/v2/BFHC_PRD/on/demandware.static/-/Sites-carrefour-tw-m-inner/default/dw1fe7ccbf/images/large/0175058_sillace.jpeg?sw=300&bgcolor=FFFFFF,https://online.carrefour.com.tw/zh/%E6%98%A5%E9%A2%A8/1220107200112.html
144,家樂福,春風Sillace頂級絲柔乳霜果仁油抽取衛生紙-110PC,春風,抽取,"$1,194.00",https://online.carrefour.com.tw/dw/image/v2/BFHC_PRD/on/demandware.static/-/Sites-carrefour-tw-m-inner/default/dwf4abc8ad/images/large/0206159_sillace.jpeg?sw=300&bgcolor=FFFFFF,https://online.carrefour.com.tw/zh/%E6%98%A5%E9%A2%A8/1220107200172.html
145,家樂福,倍潔雅柔拭萬用紙巾-120PC抽,倍潔雅,紙巾,$167.00,https://online.carrefour.com.tw/dw/image/v2/BFHC_PRD/on/demandware.static/-/Sites-carrefour-tw-m-inner/default/dwffc19a6f/images/large/0007290.jpeg?sw=300&bgcolor=FFFFFF,https://online.carrefour.com.tw/zh/%E5%80%8D%E6%BD%94%E9%9B%85/1220106400120.html
146,家樂福,倍潔雅柔拭萬用紙巾-120PC抽,倍潔雅,紙巾,$668.00,https://online.carrefour.com.tw/dw/image/v2/BFHC_PRD/on/demandware.static/-/Sites-carrefour-tw-m-inner/default/dw9f635f40/images/large/0238708.jpeg?sw=300&bgcolor=FFFFFF,https://online.carrefour.com.tw/zh/%E5%80%8D%E6%BD%94%E9%9B%85/1220106400180.html
147,家樂福,五月花雪絨柔感抽取-100PCx30包,五月花,抽取,$375.00,https://online.carrefour.com.tw/dw/image/v2/BFHC_PRD/on/demandware.static/-/Sites-carrefour-tw-m-inner/default/dwb7950a31/images/large/0249497_100.jpeg?sw=300&bgcolor=FFFFFF,https://online.carrefour.com.tw/zh/%E4%BA%94%E6%9C%88%E8%8A%B1/1220111600101.html
148,家樂福,平板式衛生紙盒,,,$179.00,https://online.carrefour.com.tw/dw/image/v2/BFHC_PRD/on/demandware.static/-/Sites-carrefour-tw-m-inner/default/dw8739d1f6/images/large/0141619.jpeg?sw=300&bgcolor=FFFFFF,https://online.carrefour.com.tw/zh/3170402400101.html
149,家樂福,簡約木蓋衛生紙盒,,,$189.00,https://online.carrefour.com.tw/dw/image/v2/BFHC_PRD/on/demandware.static/-/Sites-carrefour-tw-m-inner/default/dw05280058/images/large/31704048002001-1.jpg?sw=300&bgcolor=FFFFFF,https://online.carrefour.com.tw/zh/%E7%94%9F%E6%B4%BB%E5%A4%A7%E5%B8%AB/3170404800201.html
150,家樂福,春風小超人袖珍包衛生紙9PCx30包x20袋,春風,,"$1,500.00",https://online.carrefour.com.tw/dw/image/v2/BFHC_PRD/on/demandware.static/-/Sites-carrefour-tw-m-inner/default/dw62b8f90a/images/large/0222502.jpeg?sw=300&bgcolor=FFFFFF,https://online.carrefour.com.tw/zh/%E6%98%A5%E9%A2%A8/1221101900120.html
151,7_11,【舒潔】女性專用濕式衛生紙10抽／包(2入),舒潔,濕式,$39.00,https://shop.7-11.com.tw/mdz_file/item/18/04/01/6202/62020000008G_intr_b_10_220217162025.jpg,https://shop.7-11.com.tw/shop/rui005.faces?ID=620200000082
152,7_11,【舒潔】女性專用濕式衛生紙10抽,舒潔,濕式,$49.00,https://shop.7-11.com.tw/mdz_file/item/18/04/01/2201/22010000725G_intr_b_10_220217102039.jpg,https://shop.7-11.com.tw/shop/rui005.faces?ID=220100007256
153,7_11,【春風】超細柔抽取式衛生紙110抽72包*2箱組+抽取衛生紙6包隨機,春風,抽取,"$1,700.00",https://shop.7-11.com.tw/mdz_file/item/18/04/01/2112/21120001982G_intr_b_10_220224133533.jpg,https://shop.7-11.com.tw/shop/rui005.faces?ID=211200019820
154,7_11,多用途防水衛生紙置物盒,,,$359.00,https://shop.7-11.com.tw/mdz_file/item/09/04/04/2112/21120000504G_intr_b_10_211206173446.jpg,https://shop.7-11.com.tw/shop/rui005.faces?ID=211200005041
155,7_11,Kleenex 舒潔-Baby Soft頂級3層舒適抽取衛生紙100抽x24包,,,$569.00,https://shop.7-11.com.tw/mdz_file/item/18/04/01/2112/21120000505G_intr_b_10_211206173459.jpg,https://shop.7-11.com.tw/shop/rui005.faces?ID=211200005050
156,7_11,MAY FLOWER 五月花 頂級妙用綿柔抽取衛生紙-輕巧包130抽X36包,,,$469.00,https://shop.7-11.com.tw/mdz_file/item/18/04/01/2112/21120000507G_intr_b_10_211206173459.jpg,https://shop.7-11.com.tw/shop/rui005.faces?ID=211200005078
157,7_11,Kirkland Signature 科克蘭 三層抽取衛生紙 120抽x24包,,,$509.00,https://shop.7-11.com.tw/mdz_file/item/18/04/01/2112/21120000509G_intr_b_10_211206173459.jpg,https://shop.7-11.com.tw/shop/rui005.faces?ID=211200005096
158,7_11,【春風】超細柔抽取式衛生紙110抽x24包x3串+抽取衛生紙6包,春風,抽取,$880.00,https://shop.7-11.com.tw/mdz_file/item/18/04/01/2112/21120000466G_intr_b_10_220224133532.jpg,https://shop.7-11.com.tw/shop/rui005.faces?ID=211200004664
159,7_11,Kirkland Signature 科克蘭 捲筒衛生紙,,,$439.00,https://shop.7-11.com.tw/mdz_file/item/25/09/09/2112/21120000009G_intr_b_10_211201173440.jpg,https://shop.7-11.com.tw/shop/rui005.faces?ID=211200000091
160,7_11,【春風】超細柔抽取式衛生紙110抽*72包＋日本獅王洗碗精x1瓶*香味隨機,春風,抽取,$880.00,https://shop.7-11.com.tw/mdz_file/item/18/04/01/2111/21110000149G_intr_b_10_220224133533.jpg,https://shop.7-11.com.tw/shop/rui005.faces?ID=211100001496
161,7_11,【簡約組合】抽取式衛生紙200抽20包3串-金,簡約組合,抽取,$799.00,https://shop.7-11.com.tw/mdz_file/item/18/04/01/2110/21100000644G_intr_b_10_211228172908.jpg,https://shop.7-11.com.tw/shop/rui005.faces?ID=211000006446
162,7_11,【科克蘭】三層抽取衛生紙 120張x24包,科克蘭,抽取,$519.00,https://shop.7-11.com.tw/mdz_file/item/18/04/01/2109/21090000129G_intr_b_10_211028184714.jpg,https://shop.7-11.com.tw/shop/rui005.faces?ID=210900001298
163,7_11,【科克蘭】三層抽取衛生紙 120張x24包x2串,科克蘭,抽取,$939.00,https://shop.7-11.com.tw/mdz_file/item/18/04/01/2108/21080002152G_intr_b_10_211028184716.jpg,https://shop.7-11.com.tw/shop/rui005.faces?ID=210800021520
164,7_11,【科克蘭】 三層抽取衛生紙 120張x24包x3串,科克蘭,抽取,"$1,359.00",https://shop.7-11.com.tw/mdz_file/item/18/04/01/2108/21080002154G_intr_b_10_211028184715.jpg,https://shop.7-11.com.tw/shop/rui005.faces?ID=210800021548
165,7_11,【Kleenex 舒潔】頂級四層喀什米爾抽取衛生紙 90抽x6包x2串,Kleenex 舒潔,抽取,$349.00,https://shop.7-11.com.tw/mdz_file/item/18/04/01/2108/21080002007G_intr_b_10_210825181413.jpg,https://shop.7-11.com.tw/shop/rui005.faces?ID=210800020071
166,7_11,【簡約組合】優質抽取式衛生紙150抽x10包x2串,簡約組合,抽取,$279.00,https://shop.7-11.com.tw/mdz_file/item/18/04/01/2108/21080001836G_intr_b_10_210824114515.jpg,https://shop.7-11.com.tw/shop/rui005.faces?ID=210800018362
167,7_11,【得意】平版衛生紙300張x6包,得意,平版,$199.00,https://shop.7-11.com.tw/mdz_file/item/18/04/01/2108/21080000940G_intr_b_10_210813140408.jpg,https://shop.7-11.com.tw/shop/rui005.faces?ID=210800009407
168,7_11,【春風】柔韌細緻平版衛生紙300張x6包,春風,平版,$199.00,https://shop.7-11.com.tw/mdz_file/item/18/04/01/2108/21080000943G_intr_b_10_210813140409.jpg,https://shop.7-11.com.tw/shop/rui005.faces?ID=210800009434
169,7_11,【五月花】平版衛生紙300張x6包,五月花,平版,$199.00,https://shop.7-11.com.tw/mdz_file/item/18/04/01/2108/21080000830G_intr_b_10_210812125252.jpg,https://shop.7-11.com.tw/shop/rui005.faces?ID=210800008309
170,7_11,【春風】Hello Kitty 抽取式衛生紙 限量包 100抽x10包x2串,春風,抽取,$339.00,https://shop.7-11.com.tw/mdz_file/item/18/04/01/2107/21070001743G_intr_b_10_210730180210.jpg,https://shop.7-11.com.tw/shop/rui005.faces?ID=210700017435
171,7_11,【唯潔雅】潔淨柔感抽取式衛生紙90抽x14包x2串,唯潔雅,抽取,$280.00,https://shop.7-11.com.tw/mdz_file/item/18/04/01/2107/21070000746G_intr_b_10_211207170541.jpg,https://shop.7-11.com.tw/shop/rui005.faces?ID=210700007463
172,7_11,【MAY FLOWER 五月花】厚棒抽取式衛生紙60抽*6包,MAY FLOWER 五月花,抽取,$179.00,https://shop.7-11.com.tw/mdz_file/item/18/04/01/2107/21070000748G_intr_b_10_210720214946.jpg,https://shop.7-11.com.tw/shop/rui005.faces?ID=210700007481
173,7_11,【得意】連續抽取式花紋衛生紙100抽x10包x2串,得意,抽取,$299.00,https://shop.7-11.com.tw/mdz_file/item/18/04/01/2107/21070000406G_intr_b_10_210709224352.jpg,https://shop.7-11.com.tw/shop/rui005.faces?ID=210700004060
174,7_11,【原萃】優質抽取式衛生紙100抽10包2串,原萃,抽取,$230.00,https://shop.7-11.com.tw/mdz_file/item/18/04/01/2107/21070000407G_intr_b_10_210709224352.jpg,https://shop.7-11.com.tw/shop/rui005.faces?ID=210700004079
175,7_11,【春風】一秒抽取式廚房紙巾120抽x6包+雪柔抽取衛生紙90抽x6包,春風,抽取,$280.00,https://shop.7-11.com.tw/mdz_file/item/18/04/01/2107/21070000408G_intr_b_10_210812125250.jpg,https://shop.7-11.com.tw/shop/rui005.faces?ID=210700004088
176,7_11,【簡約組合】優質抽取式衛生紙100抽x10包x2串-黃,簡約組合,抽取,$230.00,https://shop.7-11.com.tw/mdz_file/item/18/04/01/2107/21070000409G_intr_b_10_210709224353.jpg,https://shop.7-11.com.tw/shop/rui005.faces?ID=210700004097
177,7_11,【Kleenex 舒潔】棉柔舒適抽取衛生紙100抽x10包x2串,Kleenex 舒潔,抽取,$369.00,https://shop.7-11.com.tw/mdz_file/item/18/04/01/2107/21070000410G_intr_b_10_211102191136.jpg,https://shop.7-11.com.tw/shop/rui005.faces?ID=210700004105
178,7_11,【Kleenex 舒潔】頂級三層舒適竹炭萃取抽取衛生紙90抽x6包x2串,Kleenex 舒潔,抽取,$350.00,https://shop.7-11.com.tw/mdz_file/item/18/04/01/2107/21070000411G_intr_b_10_220221165932.jpg,https://shop.7-11.com.tw/shop/rui005.faces?ID=210700004114
179,7_11,【Kleenex 舒潔】棉柔舒適平版衛生紙268抽x6包,Kleenex 舒潔,平版,$219.00,https://shop.7-11.com.tw/mdz_file/item/18/04/01/2107/21070000412G_intr_b_10_210709224354.jpg,https://shop.7-11.com.tw/shop/rui005.faces?ID=210700004123
180,7_11,【Benibear 邦尼熊】抽取式衛生紙	100抽x10包x2袋-黃版,Benibear 邦尼熊,抽取,$249.00,https://shop.7-11.com.tw/mdz_file/item/18/04/01/2107/21070000142G_intr_b_10_210702112658.jpg,https://shop.7-11.com.tw/shop/rui005.faces?ID=210700001423
181,7_11,【Benibear 邦尼熊】抽取式衛生紙-腳踏車版250抽10入,Benibear 邦尼熊,抽取,$179.00,https://shop.7-11.com.tw/mdz_file/item/18/04/01/2107/21070000143G_intr_b_10_210702112659.jpg,https://shop.7-11.com.tw/shop/rui005.faces?ID=210700001432
182,7_11,【五月花】花園版抽取式衛生紙100抽*10包*2袋,五月花,抽取,$329.00,https://shop.7-11.com.tw/mdz_file/item/18/04/01/2106/21060001859G_intr_b_10_210630124609.jpg,https://shop.7-11.com.tw/shop/rui005.faces?ID=210600018597
183,7_11,【五月花】新柔韌抽取衛生紙100抽x10包x2袋,五月花,抽取,$359.00,https://shop.7-11.com.tw/mdz_file/item/18/04/01/2106/21060001860G_intr_b_10_210630124610.jpg,https://shop.7-11.com.tw/shop/rui005.faces?ID=210600018605
184,7_11,【春風】小超人旅行包衛生紙60抽x3包x6串,春風,,$299.00,https://shop.7-11.com.tw/mdz_file/item/18/04/01/2106/21060001861G_intr_b_10_211001182252.jpg,https://shop.7-11.com.tw/shop/rui005.faces?ID=210600018614
185,7_11,【寶島春風】抽取式衛生紙130抽x8包x2串,寶島春風,抽取,$299.00,https://shop.7-11.com.tw/mdz_file/item/18/04/01/2106/21060001271G_intr_b_10_210617164324.jpg,https://shop.7-11.com.tw/shop/rui005.faces?ID=210600012719
186,7_11,【雪柔】金優質抽取衛生紙100抽x28包,雪柔,抽取,$299.00,https://shop.7-11.com.tw/mdz_file/item/18/04/01/2106/21060001272G_intr_b_10_210617164325.jpg,https://shop.7-11.com.tw/shop/rui005.faces?ID=210600012728
187,7_11,【MAY FLOWER 五月花】厚棒抽取式衛生紙90抽x10包,MAY FLOWER 五月花,抽取,$299.00,https://shop.7-11.com.tw/mdz_file/item/18/04/01/2106/21060001273G_intr_b_10_210617164325.jpg,https://shop.7-11.com.tw/shop/rui005.faces?ID=210600012737
188,7_11,【春風】3層厚手新肌感衛生紙100抽x10包x2串,春風,,$359.00,https://shop.7-11.com.tw/mdz_file/item/18/04/01/2106/21060001239G_intr_b_10_210617141302.jpg,https://shop.7-11.com.tw/shop/rui005.faces?ID=210600012395
189,7_11,【淨世代】環保抽取衛生紙100抽x12包x2串,淨世代,抽取,$249.00,https://shop.7-11.com.tw/mdz_file/item/18/04/01/2106/21060001240G_intr_b_10_210617141303.jpg,https://shop.7-11.com.tw/shop/rui005.faces?ID=210600012403
190,7_11,【蒲公英】環保抽取式衛生紙-100抽*12包*2串,蒲公英,抽取,$269.00,https://shop.7-11.com.tw/mdz_file/item/18/04/01/2106/21060001242G_intr_b_10_210617141303.jpg,https://shop.7-11.com.tw/shop/rui005.faces?ID=210600012421
191,7_11,【春風】Hello Kitty3層抽取衛生紙90抽*20包,春風,抽取,$399.00,https://shop.7-11.com.tw/mdz_file/item/18/04/01/2106/21060001243G_intr_b_10_210617141304.jpg,https://shop.7-11.com.tw/shop/rui005.faces?ID=210600012430
192,7_11,【春風】超細柔抽取式衛生紙110抽24包,春風,抽取,$319.00,https://shop.7-11.com.tw/mdz_file/item/18/04/01/2103/21030001477G_intr_b_10_220224133533.jpg,https://shop.7-11.com.tw/shop/rui005.faces?ID=210300014771
193,7_11,蒲公英環保洗衣精-迷迭香2000gX1瓶＋1800gX2包＋衛生紙一串,,,$449.00,https://shop.7-11.com.tw/mdz_file/item/25/01/01/2103/21030001478G_intr_b_10_210325181909.jpg,https://shop.7-11.com.tw/shop/rui005.faces?ID=210300014780
194,7_11,蒲公英環保洗衣精補充包-迷迭香1800gX3包＋衛生紙一串,,,$429.00,https://shop.7-11.com.tw/mdz_file/item/25/01/01/2103/21030001479G_intr_b_10_210325181909.jpg,https://shop.7-11.com.tw/shop/rui005.faces?ID=210300014799
195,7_11,蒲公英環保超濃縮洗衣膠囊8gX16顆X6包＋衛生紙一串,,,$599.00,https://shop.7-11.com.tw/mdz_file/item/25/01/01/2103/21030001480G_intr_b_10_210325181910.jpg,https://shop.7-11.com.tw/shop/rui005.faces?ID=210300014807
196,7_11,【雪柔】金優質抽取衛生紙90抽x6包,雪柔,抽取,$99.00,https://shop.7-11.com.tw/mdz_file/item/18/04/01/2102/21020000489G_intr_b_10_210812125251.jpg,https://shop.7-11.com.tw/shop/rui005.faces?ID=210200004899
197,7_11,【得意】平版衛生紙300張x6包x8袋,得意,平版,$860.00,https://shop.7-11.com.tw/mdz_file/item/18/04/01/2007/20070008067G_intr_b_10_210721162303.jpg,https://shop.7-11.com.tw/shop/rui005.faces?ID=200700080679
198,7_11,【原萃】優質抽取式衛生紙100抽*70包,原萃,抽取,$599.00,https://shop.7-11.com.tw/mdz_file/item/18/04/01/2005/20050013440G_intr_b_10_211117142906.jpg,https://shop.7-11.com.tw/shop/rui005.faces?ID=200500134408
199,7_11,3M 無痕 極淨防水收納系列 抽取式衛生紙架,,,$439.00,https://shop.7-11.com.tw/mdz_file/item/25/11/04/2002/20020013412G_intr_b_10_220107162227.jpg,https://shop.7-11.com.tw/shop/rui005.faces?ID=200200134129
200,7_11,【五月花】厚棒抽取式衛生紙90抽*10包*6袋,五月花,抽取,"$1,349.00",https://shop.7-11.com.tw/mdz_file/item/18/04/01/1912/19120003404G_intr_b_10_210609104823.jpg,https://shop.7-11.com.tw/shop/rui005.faces?ID=191200034049
201,7_11,【得意】連續抽取式花紋衛生紙100抽*10包*7袋-Y15,得意,抽取,$740.00,https://shop.7-11.com.tw/mdz_file/item/18/04/01/1910/19100004902G_intr_b_10_210426183359.jpg,https://shop.7-11.com.tw/shop/rui005.faces?ID=191000049025
202,7_11,3M 17653D 浴室防水收納系列-抽取衛生紙收納架,,,$279.00,https://shop.7-11.com.tw/mdz_file/item/25/11/04/1903/19030011495G_intr_b_10_220106172921.jpg,https://shop.7-11.com.tw/shop/rui005.faces?ID=190300114950
203,7_11,3M 17673B 無痕金屬防水收納系列-抽取式衛生紙收納架,,,$990.00,https://shop.7-11.com.tw/mdz_file/item/25/11/04/1903/19030007786G_intr_b_10_220106104451.jpg,https://shop.7-11.com.tw/shop/rui005.faces?ID=190300077862
204,7_11,【春風】超細柔抽取式衛生紙110抽72包,春風,抽取,$880.00,https://shop.7-11.com.tw/mdz_file/item/18/04/01/1812/18120005907G_intr_b_10_220224133533.jpg,https://shop.7-11.com.tw/shop/rui005.faces?ID=181200059079
205,7_11,簡約組合 優質抽取式衛生紙100抽*10包*8串『奢華金』,,,$609.00,https://shop.7-11.com.tw/mdz_file/item/18/04/01/1812/18120005911G_intr_b_10_200429182322.jpg,https://shop.7-11.com.tw/shop/rui005.faces?ID=181200059114
206,7_11,【蒲公英】環保抽取衛生紙100抽x12包x6串／箱,蒲公英,抽取,$699.00,https://shop.7-11.com.tw/mdz_file/item/18/04/01/1809/18090001467G_intr_b_10_210609104821.jpg,https://shop.7-11.com.tw/shop/rui005.faces?ID=180900014672
207,7_11,【淨世代】 環保抽取式衛生紙100抽12包x6串,淨世代,抽取,$659.00,https://shop.7-11.com.tw/mdz_file/item/18/04/01/1807/18070000076G_intr_b_10_210609104820.jpg,https://shop.7-11.com.tw/shop/rui005.faces?ID=180700000767
208,7_11,簡約組合優質抽取式衛生紙(150抽X72包-箱),,,$720.00,https://shop.7-11.com.tw/mdz_file/item/18/04/01/1804/18040003544G_intr_b_10_181128195007.jpg,https://shop.7-11.com.tw/shop/rui005.faces?ID=180400035444
209,7_11,【五月花】新柔韌抽取式衛生紙110抽*12包*6袋(箱購),五月花,抽取,$939.00,https://shop.7-11.com.tw/mdz_file/item/18/04/01/1612/16120018367G_intr_b_10_220222145257.jpg,https://shop.7-11.com.tw/shop/rui005.faces?ID=161200183675
210,7_11,【五月花】蓬厚柔頂級抽取衛生紙100抽*12包*6袋(箱購),五月花,抽取,$959.00,https://shop.7-11.com.tw/mdz_file/item/18/04/01/1608/16080014940G_intr_b_10_220222145259.jpg,https://shop.7-11.com.tw/shop/rui005.faces?ID=160800149402